"department","avg_satisfaction"
"Sales","2.7511210762331839"
"R&D","2.7263267429760666"
"HR","2.6031746031746032"
