"department","average_age"
"HR","37.8095238095238095"
"Sales","36.5426008968609865"
"R&D","37.0426638917793965"
